token,frekuensi,prob,H_kontribusi
gizi,580,0.06854172,0.26504217
makan,550,0.06499645,0.2563132
program,488,0.05766958,0.23737063
gratis,468,0.05530607,0.2309813
mbg,232,0.02741669,0.14225976
anak,81,0.00957221,0.06420014
indonesia,67,0.00791775,0.05527139
prabowo,64,0.00756322,0.0532964
sekolah,60,0.00709052,0.05062557
perintah,56,0.00661782,0.04790924
dukung,55,0.00649965,0.04722268
sehat,49,0.00579059,0.04303611
tingkat,49,0.00579059,0.04303611
siswa,45,0.00531789,0.0401763
presiden,44,0.00519972,0.03945208
jalan,42,0.00496337,0.03799191
penuh,42,0.00496337,0.03799191
anggar,40,0.00472701,0.0365155
laksana,40,0.00472701,0.0365155
nyata,39,0.00460884,0.03577096
siang,37,0.00437249,0.03426864
generasi,36,0.00425431,0.03351062
nasional,36,0.00425431,0.03351062
ajar,34,0.00401796,0.03198025
masyarakat,34,0.00401796,0.03198025
kuat,33,0.00389979,0.03120761
ekonomi,32,0.00378161,0.03042981
subianto,32,0.00378161,0.03042981
bgn,32,0.00378161,0.03042981
dapur,32,0.00378161,0.03042981
manfaat,31,0.00366344,0.02964668
anakanak,30,0.00354526,0.02885804
badan,29,0.00342709,0.02806373
kualitas,28,0.00330891,0.02726353
butuh,27,0.00319074,0.02645724
pangan,27,0.00319074,0.02645724
sppg,26,0.00307256,0.02564464
terima,26,0.00307256,0.02564464
negara,25,0.00295438,0.02482548
bangsa,24,0.00283621,0.02399949
juta,23,0.00271803,0.0231664
rp,23,0.00271803,0.0231664
bantu,23,0.00271803,0.0231664
dampak,22,0.00259986,0.0223259
distribusi,22,0.00259986,0.0223259
kerja,21,0.00248168,0.02147764
daerah,21,0.00248168,0.02147764
didik,21,0.00248168,0.02147764
uang,20,0.00236351,0.02062126
desa,20,0.00236351,0.02062126
hadir,20,0.00236351,0.02062126
kepala,20,0.00236351,0.02062126
ribu,19,0.00224533,0.01975635
hasil,19,0.00224533,0.01975635
langsung,19,0.00224533,0.01975635
rakyat,19,0.00224533,0.01975635
sasar,19,0.00224533,0.01975635
harap,19,0.00224533,0.01975635
mobil,19,0.00224533,0.01975635
orang,18,0.00212716,0.01888247
dorong,18,0.00212716,0.01888247
layan,18,0.00212716,0.01888247
tumbuh,17,0.00200898,0.01799911
warga,17,0.00200898,0.01799911
langkah,17,0.00200898,0.01799911
fokus,17,0.00200898,0.01799911
jakarta,17,0.00200898,0.01799911
jangkau,17,0.00200898,0.01799911
kabupaten,16,0.00189081,0.01710571
capai,16,0.00189081,0.01710571
susu,15,0.00177263,0.01620165
salah,15,0.00177263,0.01620165
satu,15,0.00177263,0.01620165
menu,15,0.00177263,0.01620165
racun,15,0.00177263,0.01620165
luas,14,0.00165446,0.01528622
cerdas,14,0.00165446,0.01528622
aman,14,0.00165446,0.01528622
tinjau,14,0.00165446,0.01528622
prioritas,14,0.00165446,0.01528622
bangun,14,0.00165446,0.01528622
bukti,14,0.00165446,0.01528622
dad,14,0.00165446,0.01528622
jaga,14,0.00165446,0.01528622
mari,13,0.00153628,0.0143586
baik,13,0.00153628,0.0143586
kasih,13,0.00153628,0.0143586
negeri,13,0.00153628,0.0143586
buka,13,0.00153628,0.0143586
sdn,13,0.00153628,0.0143586
lanjut,13,0.00153628,0.0143586
sebut,13,0.00153628,0.0143586
daya,13,0.00153628,0.0143586
guru,13,0.00153628,0.0143586
asupan,12,0.0014181,0.01341785
nutrisi,12,0.0014181,0.01341785
hamil,12,0.0014181,0.01341785
lengkap,12,0.0014181,0.01341785
sosial,12,0.0014181,0.01341785
cipta,12,0.0014181,0.01341785
lapang,12,0.0014181,0.01341785
uji,12,0.0014181,0.01341785
semangat,12,0.0014181,0.01341785
awas,12,0.0014181,0.01341785
korban,12,0.0014181,0.01341785
hindayana,12,0.0014181,0.01341785
evaluasi,12,0.0014181,0.01341785
standar,12,0.0014181,0.01341785
porsi,11,0.00129993,0.01246288
tuju,11,0.00129993,0.01246288
stunting,11,0.00129993,0.01246288
rasa,11,0.00129993,0.01246288
upaya,11,0.00129993,0.01246288
rumah,11,0.00129993,0.01246288
jamin,11,0.00129993,0.01246288
camat,11,0.00129993,0.01246288
menteri,11,0.00129993,0.01246288
ri,11,0.00129993,0.01246288
wakil,11,0.00129993,0.01246288
wujud,11,0.00129993,0.01246288
lokal,11,0.00129993,0.01246288
alokasi,11,0.00129993,0.01246288
bpom,11,0.00129993,0.01246288
triliun,11,0.00129993,0.01246288
babinsa,11,0.00129993,0.01246288
bijak,11,0.00129993,0.01246288
aku,10,0.00118175,0.01149238
komitmen,10,0.00118175,0.01149238
alami,10,0.00118175,0.01149238
turun,10,0.00118175,0.01149238
bahan,10,0.00118175,0.01149238
tidak,10,0.00118175,0.01149238
baca,10,0.00118175,0.01149238
polres,10,0.00118175,0.01149238
damping,10,0.00118175,0.01149238
aceh,10,0.00118175,0.01149238
beban,10,0.00118175,0.01149238
target,10,0.00118175,0.01149238
tabrak,10,0.00118175,0.01149238
seperti,9,0.00106358,0.01050481
biaya,9,0.00106358,0.01050481
keluarga,9,0.00106358,0.01050481
bagi,9,0.00106358,0.01050481
peran,9,0.00106358,0.01050481
kurang,9,0.00106358,0.01050481
hidup,9,0.00106358,0.01050481
hari,9,0.00106358,0.01050481
lapar,9,0.00106358,0.01050481
kali,9,0.00106358,0.01050481
sukses,9,0.00106358,0.01050481
bawa,9,0.00106358,0.01050481
pasok,9,0.00106358,0.01050481
kait,9,0.00106358,0.01050481
buah,9,0.00106358,0.01050481
gibran,9,0.00106358,0.01050481
jawa,9,0.00106358,0.01050481
utara,9,0.00106358,0.01050481
hak,9,0.00106358,0.01050481
sejahtera,9,0.00106358,0.01050481
kampus,9,0.00106358,0.01050481
sapi,9,0.00106358,0.01050481
harga,8,0.0009454,0.00949826
unggul,8,0.0009454,0.00949826
sekali,8,0.0009454,0.00949826
investasi,8,0.0009454,0.00949826
usaha,8,0.0009454,0.00949826
akses,8,0.0009454,0.00949826
gelar,8,0.0009454,0.00949826
disabilitas,8,0.0009454,0.00949826
simulasi,8,0.0009454,0.00949826
salur,8,0.0009454,0.00949826
utama,8,0.0009454,0.00949826
kota,8,0.0009454,0.00949826
bogor,8,0.0009454,0.00949826
ikan,8,0.0009454,0.00949826
temu,8,0.0009454,0.00949826
operasional,8,0.0009454,0.00949826
sentuh,8,0.0009454,0.00949826
terap,8,0.0009454,0.00949826
ubah,8,0.0009454,0.00949826
dagang,8,0.0009454,0.00949826
imbang,8,0.0009454,0.00949826
insiden,8,0.0009454,0.00949826
apbn,8,0.0009454,0.00949826
muda,8,0.0009454,0.00949826
kalibaru,8,0.0009454,0.00949826
sd,7,0.00082723,0.00847034
janji,7,0.00082723,0.00847034
bentuk,7,0.00082723,0.00847034
miskin,7,0.00082723,0.00847034
ahli,7,0.00082723,0.00847034
kenyang,7,0.00082723,0.00847034
layak,7,0.00082723,0.00847034
dapat,7,0.00082723,0.00847034
coba,7,0.00082723,0.00847034
sandang,7,0.00082723,0.00847034
timur,7,0.00082723,0.00847034
sesuai,7,0.00082723,0.00847034
rapat,7,0.00082723,0.00847034
strategis,7,0.00082723,0.00847034
dana,7,0.00082723,0.00847034
sorot,7,0.00082723,0.00847034
emas,7,0.00082723,0.00847034
piring,7,0.00082723,0.00847034
duga,7,0.00082723,0.00847034
senyum,7,0.00082723,0.00847034
wilayah,7,0.00082723,0.00847034
lansia,7,0.00082723,0.00847034
dunia,7,0.00082723,0.00847034
sumber,7,0.00082723,0.00847034
isu,7,0.00082723,0.00847034
kelompok,7,0.00082723,0.00847034
cilincing,7,0.00082723,0.00847034
tani,7,0.00082723,0.00847034
jelas,7,0.00082723,0.00847034
pasar,7,0.00082723,0.00847034
asean,7,0.00082723,0.00847034
bekas,7,0.00082723,0.00847034
balita,6,0.00070905,0.00741798
total,6,0.00070905,0.00741798
terus,6,0.00070905,0.00741798
jadi,6,0.00070905,0.00741798
daging,6,0.00070905,0.00741798
rencana,6,0.00070905,0.00741798
sambut,6,0.00070905,0.00741798
bank,6,0.00070905,0.00741798
ekosistem,6,0.00070905,0.00741798
senin,6,0.00070905,0.00741798
implementasi,6,0.00070905,0.00741798
giat,6,0.00070905,0.00741798
kawal,6,0.00070905,0.00741798
peduli,6,0.00070905,0.00741798
percaya,6,0.00070905,0.00741798
rabu,6,0.00070905,0.00741798
pasti,6,0.00070905,0.00741798
pelosok,6,0.00070905,0.00741798
efektivitas,6,0.00070905,0.00741798
nilai,6,0.00070905,0.00741798
tenaga,6,0.00070905,0.00741798
ringan,6,0.00070905,0.00741798
angkut,6,0.00070905,0.00741798
papua,6,0.00070905,0.00741798
revitalisasi,6,0.00070905,0.00741798
cilacap,6,0.00070905,0.00741798
tua,5,0.00059088,0.00633707
atas,5,0.00059088,0.00633707
kembang,5,0.00059088,0.00633707
iq,5,0.00059088,0.00633707
cegah,5,0.00059088,0.00633707
anggota,5,0.00059088,0.00633707
tinggal,5,0.00059088,0.00633707
dari,5,0.00059088,0.00633707
doang,5,0.00059088,0.00633707
tekan,5,0.00059088,0.00633707
banten,5,0.00059088,0.00633707
pakai,5,0.00059088,0.00633707
potong,5,0.00059088,0.00633707
bodoh,5,0.00059088,0.00633707
basi,5,0.00059088,0.00633707
kunci,5,0.00059088,0.00633707
kupang,5,0.00059088,0.00633707
lindung,5,0.00059088,0.00633707
ambil,5,0.00059088,0.00633707
kepri,5,0.00059088,0.00633707
sinergi,5,0.00059088,0.00633707
koordinasi,5,0.00059088,0.00633707
polisi,5,0.00059088,0.00633707
miliar,5,0.00059088,0.00633707
mandiri,5,0.00059088,0.00633707
siap,5,0.00059088,0.00633707
tk,5,0.00059088,0.00633707
bina,5,0.00059088,0.00633707
sektor,5,0.00059088,0.00633707
simak,5,0.00059088,0.00633707
hilang,5,0.00059088,0.00633707
edar,5,0.00059088,0.00633707
ratus,5,0.00059088,0.00633707
sman,5,0.00059088,0.00633707
konsumsi,5,0.00059088,0.00633707
koramil,5,0.00059088,0.00633707
cerah,5,0.00059088,0.00633707
klungkung,5,0.00059088,0.00633707
laboratorium,5,0.00059088,0.00633707
tara,5,0.00059088,0.00633707
kamis,5,0.00059088,0.00633707
klaim,5,0.00059088,0.00633707
gus,5,0.00059088,0.00633707
ketat,5,0.00059088,0.00633707
kosong,5,0.00059088,0.00633707
mimpi,5,0.00059088,0.00633707
pulung,5,0.00059088,0.00633707
henti,5,0.00059088,0.00633707
milik,5,0.00059088,0.00633707
positif,5,0.00059088,0.00633707
kelola,5,0.00059088,0.00633707
efektif,5,0.00059088,0.00633707
malang,5,0.00059088,0.00633707
efisiensi,5,0.00059088,0.00633707
jule,5,0.00059088,0.00633707
yordania,5,0.00059088,0.00633707
ana,5,0.00059088,0.00633707
pungky,5,0.00059088,0.00633707
ikut,4,0.0004727,0.00522183
jiwa,4,0.0004727,0.00522183
cetak,4,0.0004727,0.00522183
besar,4,0.0004727,0.00522183
prabowogibran,4,0.0004727,0.00522183
angka,4,0.0004727,0.00522183
tetap,4,0.0004727,0.00522183
proyek,4,0.0004727,0.00522183
teman,4,0.0004727,0.00522183
teliti,4,0.0004727,0.00522183
signifikan,4,0.0004727,0.00522183
hasan,4,0.0004727,0.00522183
libat,4,0.0004727,0.00522183
ayo,4,0.0004727,0.00522183
koperasi,4,0.0004727,0.00522183
produksi,4,0.0004727,0.00522183
daftar,4,0.0004727,0.00522183
rupiah,4,0.0004727,0.00522183
mitra,4,0.0004727,0.00522183
dasar,4,0.0004727,0.00522183
sayur,4,0.0004727,0.00522183
perhati,4,0.0004727,0.00522183
kesiap,4,0.0004727,0.00522183
swasembada,4,0.0004727,0.00522183
serah,4,0.0004727,0.00522183
unit,4,0.0004727,0.00522183
desadesa,4,0.0004727,0.00522183
belanja,4,0.0004727,0.00522183
pusat,4,0.0004727,0.00522183
rakabuming,4,0.0004727,0.00522183
pesantren,4,0.0004727,0.00522183
maju,4,0.0004727,0.00522183
kabar,4,0.0004727,0.00522183
bencana,4,0.0004727,0.00522183
data,4,0.0004727,0.00522183
kodim,4,0.0004727,0.00522183
polsek,4,0.0004727,0.00522183
pantau,4,0.0004727,0.00522183
risiko,4,0.0004727,0.00522183
keliling,4,0.0004727,0.00522183
benarbenar,4,0.0004727,0.00522183
sistem,4,0.0004727,0.00522183
saji,4,0.0004727,0.00522183
raya,4,0.0004727,0.00522183
rata,4,0.0004727,0.00522183
polri,4,0.0004727,0.00522183
depok,4,0.0004727,0.00522183
fondasi,4,0.0004727,0.00522183
produktif,4,0.0004727,0.00522183
batas,4,0.0004727,0.00522183
masuk,4,0.0004727,0.00522183
minta,4,0.0004727,0.00522183
lingkung,4,0.0004727,0.00522183
gulir,4,0.0004727,0.00522183
manusia,4,0.0004727,0.00522183
pagi,4,0.0004727,0.00522183
wajib,4,0.0004727,0.00522183
rantai,4,0.0004727,0.00522183
perut,4,0.0004727,0.00522183
sidrap,4,0.0004727,0.00522183
publik,4,0.0004727,0.00522183
kramat,4,0.0004727,0.00522183
jati,4,0.0004727,0.00522183
pajak,4,0.0004727,0.00522183
lu,4,0.0004727,0.00522183
regional,4,0.0004727,0.00522183
pangkas,4,0.0004727,0.00522183
mamak,4,0.0004727,0.00522183
kunjung,4,0.0004727,0.00522183
mati,4,0.0004727,0.00522183
tambah,3,0.00035453,0.00406351
keren,3,0.00035453,0.00406351
dalam,3,0.00035453,0.00406351
bayi,3,0.00035453,0.00406351
cerita,3,0.00035453,0.00406351
tugas,3,0.00035453,0.00406351
sarana,3,0.00035453,0.00406351
stabil,3,0.00035453,0.00406351
bersih,3,0.00035453,0.00406351
korupsi,3,0.00035453,0.00406351
kondisi,3,0.00035453,0.00406351
karena,3,0.00035453,0.00406351
adalah,3,0.00035453,0.00406351
ada,3,0.00035453,0.00406351
sudah,3,0.00035453,0.00406351
habis,3,0.00035453,0.00406351
prinsip,3,0.00035453,0.00406351
kakak,3,0.00035453,0.00406351
alih,3,0.00035453,0.00406351
pas,3,0.00035453,0.00406351
beli,3,0.00035453,0.00406351
konyol,3,0.00035453,0.00406351
gede,3,0.00035453,0.00406351
sulit,3,0.00035453,0.00406351
minimal,3,0.00035453,0.00406351
buruk,3,0.00035453,0.00406351
bagus,3,0.00035453,0.00406351
putus,3,0.00035453,0.00406351
mangkas,3,0.00035453,0.00406351
ekonom,3,0.00035453,0.00406351
paket,3,0.00035453,0.00406351
ntt,3,0.00035453,0.00406351
optimistis,3,0.00035453,0.00406351
datang,3,0.00035453,0.00406351
pulang,3,0.00035453,0.00406351
dpr,3,0.00035453,0.00406351
peknas,3,0.00035453,0.00406351
abdul,3,0.00035453,0.00406351
tanah,3,0.00035453,0.00406351
sareal,3,0.00035453,0.00406351
jajar,3,0.00035453,0.00406351
laut,3,0.00035453,0.00406351
ketua,3,0.00035453,0.00406351
rakor,3,0.00035453,0.00406351
acara,3,0.00035453,0.00406351
putar,3,0.00035453,0.00406351
muhammadiyah,3,0.00035453,0.00406351
januari,3,0.00035453,0.00406351
proses,3,0.00035453,0.00406351
isi,3,0.00035453,0.00406351
raka,3,0.00035453,0.00406351
pondok,3,0.00035453,0.00406351
umum,3,0.00035453,0.00406351
buku,3,0.00035453,0.00406351
kantor,3,0.00035453,0.00406351
barat,3,0.00035453,0.00406351
smp,3,0.00035453,0.00406351
telur,3,0.00035453,0.00406351
nama,3,0.00035453,0.00406351
puluh,3,0.00035453,0.00406351
rujuk,3,0.00035453,0.00406351
tahap,3,0.00035453,0.00406351
energi,3,0.00035453,0.00406351
contoh,3,0.00035453,0.00406351
ukur,3,0.00035453,0.00406351
inovasi,3,0.00035453,0.00406351
palangka,3,0.00035453,0.00406351
masif,3,0.00035453,0.00406351
beliau,3,0.00035453,0.00406351
duduk,3,0.00035453,0.00406351
prestasi,3,0.00035453,0.00406351
logistik,3,0.00035453,0.00406351
lebih,3,0.00035453,0.00406351
fasilitas,3,0.00035453,0.00406351
karyawan,3,0.00035453,0.00406351
pm,3,0.00035453,0.00406351
hukum,3,0.00035453,0.00406351
umkm,3,0.00035453,0.00406351
nagreg,3,0.00035453,0.00406351
sdm,3,0.00035453,0.00406351
hadap,3,0.00035453,0.00406351
inisial,3,0.00035453,0.00406351
mk,3,0.00035453,0.00406351
seragam,3,0.00035453,0.00406351
jaya,3,0.00035453,0.00406351
zulkifli,3,0.00035453,0.00406351
pimpin,3,0.00035453,0.00406351
programprogram,3,0.00035453,0.00406351
koordinator,3,0.00035453,0.00406351
bidang,3,0.00035453,0.00406351
nikmat,3,0.00035453,0.00406351
rentan,3,0.00035453,0.00406351
gerak,3,0.00035453,0.00406351
pilar,3,0.00035453,0.00406351
lapor,3,0.00035453,0.00406351
halaman,3,0.00035453,0.00406351
akibat,3,0.00035453,0.00406351
lintas,3,0.00035453,0.00406351
studi,3,0.00035453,0.00406351
menko,3,0.00035453,0.00406351
subsidi,3,0.00035453,0.00406351
omzet,3,0.00035453,0.00406351
rk,3,0.00035453,0.00406351
ac,3,0.00035453,0.00406351
haru,3,0.00035453,0.00406351
yatim,3,0.00035453,0.00406351
boyolali,3,0.00035453,0.00406351
merah,3,0.00035453,0.00406351
rajin,3,0.00035453,0.00406351
berkat,3,0.00035453,0.00406351
ekor,3,0.00035453,0.00406351
andai,3,0.00035453,0.00406351
bas,3,0.00035453,0.00406351
solusi,3,0.00035453,0.00406351
appmbgi,3,0.00035453,0.00406351
asosiasi,3,0.00035453,0.00406351
reaksi,3,0.00035453,0.00406351
cianjur,3,0.00035453,0.00406351
muhaimin,3,0.00035453,0.00406351
transparan,3,0.00035453,0.00406351
massal,3,0.00035453,0.00406351
cukup,3,0.00035453,0.00406351
itu,3,0.00035453,0.00406351
lihat,3,0.00035453,0.00406351
bilang,3,0.00035453,0.00406351
gaji,3,0.00035453,0.00406351
paksa,3,0.00035453,0.00406351
minggu,3,0.00035453,0.00406351
riset,3,0.00035453,0.00406351
ragu,3,0.00035453,0.00406351
lirik,3,0.00035453,0.00406351
puas,3,0.00035453,0.00406351
prodi,3,0.00035453,0.00406351
yaman,3,0.00035453,0.00406351
klaten,3,0.00035453,0.00406351
segitu,2,0.00023635,0.00284727
gabung,2,0.00023635,0.00284727
fisik,2,0.00023635,0.00284727
hitung,2,0.00023635,0.00284727
anggap,2,0.00023635,0.00284727
bayar,2,0.00023635,0.00284727
gimana,2,0.00023635,0.00284727
bekal,2,0.00023635,0.00284727
deh,2,0.00023635,0.00284727
bisa,2,0.00023635,0.00284727
ide,2,0.00023635,0.00284727
buzzer,2,0.00023635,0.00284727
belah,2,0.00023635,0.00284727
betul,2,0.00023635,0.00284727
stabilitas,2,0.00023635,0.00284727
gdp,2,0.00023635,0.00284727
rutin,2,0.00023635,0.00284727
bebas,2,0.00023635,0.00284727
pikir,2,0.00023635,0.00284727
tuk,2,0.00023635,0.00284727
kampanye,2,0.00023635,0.00284727
tangerang,2,0.00023635,0.00284727
inspirasi,2,0.00023635,0.00284727
untung,2,0.00023635,0.00284727
syukur,2,0.00023635,0.00284727
kuah,2,0.00023635,0.00284727
parah,2,0.00023635,0.00284727
sedia,2,0.00023635,0.00284727
moga,2,0.00023635,0.00284727
beri,2,0.00023635,0.00284727
akar,2,0.00023635,0.00284727
lho,2,0.00023635,0.00284727
rendah,2,0.00023635,0.00284727
orang tua,2,0.00023635,0.00284727
nasi,2,0.00023635,0.00284727
putih,2,0.00023635,0.00284727
banyak,2,0.00023635,0.00284727
gitu,2,0.00023635,0.00284727
gagas,2,0.00023635,0.00284727
pokok,2,0.00023635,0.00284727
pilih,2,0.00023635,0.00284727
otak,2,0.00023635,0.00284727
brasil,2,0.00023635,0.00284727
rangka,2,0.00023635,0.00284727
lawan,2,0.00023635,0.00284727
tenggara,2,0.00023635,0.00284727
antusias,2,0.00023635,0.00284727
selasa,2,0.00023635,0.00284727
liput,2,0.00023635,0.00284727
tahu,2,0.00023635,0.00284727
potensi,2,0.00023635,0.00284727
november,2,0.00023635,0.00284727
fpks,2,0.00023635,0.00284727
asli,2,0.00023635,0.00284727
konsisten,2,0.00023635,0.00284727
kredit,2,0.00023635,0.00284727
sektorsektor,2,0.00023635,0.00284727
lancar,2,0.00023635,0.00284727
via,2,0.00023635,0.00284727
apresiasi,2,0.00023635,0.00284727
muti,2,0.00023635,0.00284727
karakter,2,0.00023635,0.00284727
pemkot,2,0.00023635,0.00284727
selatan,2,0.00023635,0.00284727
instruksi,2,0.00023635,0.00284727
baku,2,0.00023635,0.00284727
mulus,2,0.00023635,0.00284727
realtime,2,0.00023635,0.00284727
ai,2,0.00023635,0.00284727
sakti,2,0.00023635,0.00284727
wahyu,2,0.00023635,0.00284727
trenggono,2,0.00023635,0.00284727
link,2,0.00023635,0.00284727
tanggal,2,0.00023635,0.00284727
roda,2,0.00023635,0.00284727
hati,2,0.00023635,0.00284727
boarding,2,0.00023635,0.00284727
dipa,2,0.00023635,0.00284727
transfer,2,0.00023635,0.00284727
santri,2,0.00023635,0.00284727
lembaga,2,0.00023635,0.00284727
undang,2,0.00023635,0.00284727
banding,2,0.00023635,0.00284727
wapres,2,0.00023635,0.00284727
provinsi,2,0.00023635,0.00284727
hemat,2,0.00023635,0.00284727
berita,2,0.00023635,0.00284727
lumajang,2,0.00023635,0.00284727
komunikasi,2,0.00023635,0.00284727
agung,2,0.00023635,0.00284727
tolong,2,0.00023635,0.00284727
sender,2,0.00023635,0.00284727
fungsi,2,0.00023635,0.00284727
darurat,2,0.00023635,0.00284727
alam,2,0.00023635,0.00284727
situasi,2,0.00023635,0.00284727
yayasan,2,0.00023635,0.00284727
lowong,2,0.00023635,0.00284727
posisi,2,0.00023635,0.00284727
bangga,2,0.00023635,0.00284727
pasca,2,0.00023635,0.00284727
mojokerto,2,0.00023635,0.00284727
bhabinkamtibmas,2,0.00023635,0.00284727
tegallalang,2,0.00023635,0.00284727
sertu,2,0.00023635,0.00284727
sukadana,2,0.00023635,0.00284727
smpn,2,0.00023635,0.00284727
regulasi,2,0.00023635,0.00284727
masalah,2,0.00023635,0.00284727
raih,2,0.00023635,0.00284727
garda,2,0.00023635,0.00284727
sumatera,2,0.00023635,0.00284727
lahir,2,0.00023635,0.00284727
ungkap,2,0.00023635,0.00284727
launching,2,0.00023635,0.00284727
kemala,2,0.00023635,0.00284727
bhayangkari,2,0.00023635,0.00284727
selamat,2,0.00023635,0.00284727
balai,2,0.00023635,0.00284727
obat,2,0.00023635,0.00284727
samarinda,2,0.00023635,0.00284727
seberang,2,0.00023635,0.00284727
lurah,2,0.00023635,0.00284727
bangli,2,0.00023635,0.00284727
higienis,2,0.00023635,0.00284727
polresta,2,0.00023635,0.00284727
optimalisasi,2,0.00023635,0.00284727
ruang,2,0.00023635,0.00284727
wali,2,0.00023635,0.00284727
tegas,2,0.00023635,0.00284727
kritik,2,0.00023635,0.00284727
fakta,2,0.00023635,0.00284727
benah,2,0.00023635,0.00284727
kpai,2,0.00023635,0.00284727
saing,2,0.00023635,0.00284727
lokomotif,2,0.00023635,0.00284727
laku,2,0.00023635,0.00284727
kokoh,2,0.00023635,0.00284727
usia,2,0.00023635,0.00284727
insentif,2,0.00023635,0.00284727
alif,2,0.00023635,0.00284727
rawan,2,0.00023635,0.00284727
pangkal,2,0.00023635,0.00284727
kuras,2,0.00023635,0.00284727
siswasiswi,2,0.00023635,0.00284727
tempat,2,0.00023635,0.00284727
kanan,2,0.00023635,0.00284727
visi,2,0.00023635,0.00284727
tanggung,2,0.00023635,0.00284727
filipina,2,0.00023635,0.00284727
susul,2,0.00023635,0.00284727
olah,2,0.00023635,0.00284727
rangkul,2,0.00023635,0.00284727
antar,2,0.00023635,0.00284727
menkeu,2,0.00023635,0.00284727
orientasi,2,0.00023635,0.00284727
sma,2,0.00023635,0.00284727
populasi,2,0.00023635,0.00284727
sampah,2,0.00023635,0.00284727
buang,2,0.00023635,0.00284727
kalong,2,0.00023635,0.00284727
jabat,2,0.00023635,0.00284727
sukamantri,2,0.00023635,0.00284727
universal,2,0.00023635,0.00284727
stigma,2,0.00023635,0.00284727
cepat,2,0.00023635,0.00284727
batam,2,0.00023635,0.00284727
hapus,2,0.00023635,0.00284727
status,2,0.00023635,0.00284727
pulau,2,0.00023635,0.00284727
tantang,2,0.00023635,0.00284727
muara,2,0.00023635,0.00284727
kam,2,0.00023635,0.00284727
panca,2,0.00023635,0.00284727
kukar,2,0.00023635,0.00284727
resmi,2,0.00023635,0.00284727
zulhas,2,0.00023635,0.00284727
faktor,2,0.00023635,0.00284727
supian,2,0.00023635,0.00284727
kritisi,2,0.00023635,0.00284727
geser,2,0.00023635,0.00284727
ratarata,2,0.00023635,0.00284727
sufmi,2,0.00023635,0.00284727
dasco,2,0.00023635,0.00284727
ayam,2,0.00023635,0.00284727
khusus,2,0.00023635,0.00284727
adil,2,0.00023635,0.00284727
tangan,2,0.00023635,0.00284727
tragis,2,0.00023635,0.00284727
media,2,0.00023635,0.00284727
terobos,2,0.00023635,0.00284727
sebab,2,0.00023635,0.00284727
perdana,2,0.00023635,0.00284727
seram,2,0.00023635,0.00284727
nyelonong,2,0.00023635,0.00284727
kolaborasi,2,0.00023635,0.00284727
benar,2,0.00023635,0.00284727
tuntas,2,0.00023635,0.00284727
celaka,2,0.00023635,0.00284727
rsud,2,0.00023635,0.00284727
cak,2,0.00023635,0.00284727
imin,2,0.00023635,0.00284727
honorer,2,0.00023635,0.00284727
kaos,2,0.00023635,0.00284727
kaki,2,0.00023635,0.00284727
arah,2,0.00023635,0.00284727
viral,2,0.00023635,0.00284727
april,2,0.00023635,0.00284727
komoditas,2,0.00023635,0.00284727
bawang,2,0.00023635,0.00284727
tahan,2,0.00023635,0.00284727
lonjak,2,0.00023635,0.00284727
ancam,2,0.00023635,0.00284727
jarang,2,0.00023635,0.00284727
muncul,2,0.00023635,0.00284727
pasal,2,0.00023635,0.00284727
nasionalisme,2,0.00023635,0.00284727
transformasi,2,0.00023635,0.00284727
budidaya,2,0.00023635,0.00284727
lele,2,0.00023635,0.00284727
blora,2,0.00023635,0.00284727
komunitas,2,0.00023635,0.00284727
mainmain,2,0.00023635,0.00284727
personel,2,0.00023635,0.00284727
bahagia,2,0.00023635,0.00284727
sampang,2,0.00023635,0.00284727
investigasi,2,0.00023635,0.00284727
suplai,2,0.00023635,0.00284727
jabodetabek,2,0.00023635,0.00284727
gandi,2,0.00023635,0.00284727
fanani,2,0.00023635,0.00284727
jual,2,0.00023635,0.00284727
tabalong,2,0.00023635,0.00284727
daniel,2,0.00023635,0.00284727
masak,2,0.00023635,0.00284727
nyentuh,2,0.00023635,0.00284727
iskandar,2,0.00023635,0.00284727
akal,2,0.00023635,0.00284727
sekarang,2,0.00023635,0.00284727
realitanya,2,0.00023635,0.00284727
digital,2,0.00023635,0.00284727
duka,2,0.00023635,0.00284727
mab,2,0.00023635,0.00284727
china,2,0.00023635,0.00284727
picu,2,0.00023635,0.00284727
timpang,2,0.00023635,0.00284727
judul,2,0.00023635,0.00284727
jam,2,0.00023635,0.00284727
penting,2,0.00023635,0.00284727
tegal,2,0.00023635,0.00284727
donatur,2,0.00023635,0.00284727
an,2,0.00023635,0.00284727
bapak,2,0.00023635,0.00284727
senang,2,0.00023635,0.00284727
negaranegara,2,0.00023635,0.00284727
pesisir,2,0.00023635,0.00284727
danau,2,0.00023635,0.00284727
sentani,2,0.00023635,0.00284727
berangkat,2,0.00023635,0.00284727
citacita,2,0.00023635,0.00284727
variasi,2,0.00023635,0.00284727
akuntabel,2,0.00023635,0.00284727
malaysia,2,0.00023635,0.00284727
ajak,2,0.00023635,0.00284727
cari,2,0.00023635,0.00284727
asia,2,0.00023635,0.00284727
manajemen,2,0.00023635,0.00284727
kiblat,2,0.00023635,0.00284727
tetangga,2,0.00023635,0.00284727
rusak,2,0.00023635,0.00284727
kawasan,2,0.00023635,0.00284727
praktik,2,0.00023635,0.00284727
kuliah,2,0.00023635,0.00284727
dzalim,2,0.00023635,0.00284727
kh,2,0.00023635,0.00284727
marzuki,2,0.00023635,0.00284727
mustamar,2,0.00023635,0.00284727
elit,2,0.00023635,0.00284727
sidang,2,0.00023635,0.00284727
nelayan,2,0.00023635,0.00284727
cicip,2,0.00023635,0.00284727
kapasitas,2,0.00023635,0.00284727
suka,2,0.00023635,0.00284727
paham,2,0.00023635,0.00284727
krl,2,0.00023635,0.00284727
commuter,2,0.00023635,0.00284727
line,2,0.00023635,0.00284727
pond,2,0.00023635,0.00284727
dengan,2,0.00023635,0.00284727
itsskin,2,0.00023635,0.00284727
mp,2,0.00023635,0.00284727
front,2,0.00023635,0.00284727
camera,2,0.00023635,0.00284727
biore,2,0.00023635,0.00284727
uvxstray,2,0.00023635,0.00284727
kids,2,0.00023635,0.00284727
aneuk,2,0.00023635,0.00284727
mahasiswa,2,0.00023635,0.00284727
gara,2,0.00023635,0.00284727
ijm,2,0.00023635,0.00284727
mark,1,0.00011818,0.00154181
snack,1,0.00011818,0.00154181
pkk,1,0.00011818,0.00154181
gin,1,0.00011818,0.00154181
mampu,1,0.00011818,0.00154181
kpd,1,0.00011818,0.00154181
ibuibu,1,0.00011818,0.00154181
rahim,1,0.00011818,0.00154181
kencing,1,0.00011818,0.00154181
aneh,1,0.00011818,0.00154181
wacana,1,0.00011818,0.00154181
kemas,1,0.00011818,0.00154181
ulang,1,0.00011818,0.00154181
narasi,1,0.00011818,0.00154181
dar,1,0.00011818,0.00154181
nyebut,1,0.00011818,0.00154181
raharjo,1,0.00011818,0.00154181
sdiri,1,0.00011818,0.00154181
brp,1,0.00011818,0.00154181
mikirin,1,0.00011818,0.00154181
masy,1,0.00011818,0.00154181
enak,1,0.00011818,0.00154181
tertawa,1,0.00011818,0.00154181
entah,1,0.00011818,0.00154181
rumus,1,0.00011818,0.00154181
xm,1,0.00011818,0.00154181
keluar,1,0.00011818,0.00154181
juga,1,0.00011818,0.00154181
ngawasin,1,0.00011818,0.00154181
sprt,1,0.00011818,0.00154181
ngasih,1,0.00011818,0.00154181
tweet,1,0.00011818,0.00154181
minum,1,0.00011818,0.00154181
tagar,1,0.00011818,0.00154181
panik,1,0.00011818,0.00154181
lauk,1,0.00011818,0.00154181
pauk,1,0.00011818,0.00154181
tiga,1,0.00011818,0.00154181
kawatirnya,1,0.00011818,0.00154181
dpok,1,0.00011818,0.00154181
sop,1,0.00011818,0.00154181
sbv,1,0.00011818,0.00154181
tawar,1,0.00011818,0.00154181
main,1,0.00011818,0.00154181
namunutk,1,0.00011818,0.00154181
kombinasi,1,0.00011818,0.00154181
sus,1,0.00011818,0.00154181
luanak,1,0.00011818,0.00154181
masa,1,0.00011818,0.00154181
tkd,1,0.00011818,0.00154181
telor,1,0.00011818,0.00154181
top,1,0.00011818,0.00154181
nanti,1,0.00011818,0.00154181
riil,1,0.00011818,0.00154181
maaf,1,0.00011818,0.00154181
bkn,1,0.00011818,0.00154181
mksd,1,0.00011818,0.00154181
siangsusu,1,0.00011818,0.00154181
taraf,1,0.00011818,0.00154181
pekerjaanupah,1,0.00011818,0.00154181
sekolahampjamkes,1,0.00011818,0.00154181
ngontrakmaka,1,0.00011818,0.00154181
pada,1,0.00011818,0.00154181
anaknyato,1,0.00011818,0.00154181
be,1,0.00011818,0.00154181
continue,1,0.00011818,0.00154181
kreativitas,1,0.00011818,0.00154181
sosis,1,0.00011818,0.00154181
ganti,1,0.00011818,0.00154181
joee,1,0.00011818,0.00154181
anies,1,0.00011818,0.00154181
kembali,1,0.00011818,0.00154181
makananmakanan,1,0.00011818,0.00154181
id,1,0.00011818,0.00154181
bedah,1,0.00011818,0.00154181
menit,1,0.00011818,0.00154181
absurd,1,0.00011818,0.00154181
dipaksaain,1,0.00011818,0.00154181
cm,1,0.00011818,0.00154181
bancak,1,0.00011818,0.00154181
ketidaksetaraan,1,0.00011818,0.00154181
ekstra,1,0.00011818,0.00154181
jujur,1,0.00011818,0.00154181
dibekelin,1,0.00011818,0.00154181
saku,1,0.00011818,0.00154181
istirahat,1,0.00011818,0.00154181
jajan,1,0.00011818,0.00154181
jangan,1,0.00011818,0.00154181
rosiade,1,0.00011818,0.00154181
mmbeli,1,0.00011818,0.00154181
sadar,1,0.00011818,0.00154181
paslon,1,0.00011818,0.00154181
razak,1,0.00011818,0.00154181
bayang,1,0.00011818,0.00154181
dumdum,1,0.00011818,0.00154181
dongo,1,0.00011818,0.00154181
patut,1,0.00011818,0.00154181
retweet,1,0.00011818,0.00154181
konon,1,0.00011818,0.00154181
struktural,1,0.00011818,0.00154181
seluasluasnya,1,0.00011818,0.00154181
ngasi,1,0.00011818,0.00154181
somplak,1,0.00011818,0.00154181
wan,1,0.00011818,0.00154181
kentut,1,0.00011818,0.00154181
asumsi,1,0.00011818,0.00154181
nasbi,1,0.00011818,0.00154181
news,1,0.00011818,0.00154181
gintungkerta,1,0.00011818,0.00154181
klari,1,0.00011818,0.00154181
perlidungan,1,0.00011818,0.00154181
bersamasama,1,0.00011818,0.00154181
anggadita,1,0.00011818,0.00154181
nusa,1,0.00011818,0.00154181
malam,1,0.00011818,0.00154181
gencar,1,0.00011818,0.00154181
karangasem,1,0.00011818,0.00154181
kemensos,1,0.00011818,0.00154181
difabel,1,0.00011818,0.00154181
empat,1,0.00011818,0.00154181
non,1,0.00011818,0.00154181
kemenkop,1,0.00011818,0.00154181
pusing,1,0.00011818,0.00154181
index,1,0.00011818,0.00154181
saham,1,0.00011818,0.00154181
tni,1,0.00011818,0.00154181
diancamancam,1,0.00011818,0.00154181
bapanas,1,0.00011818,0.00154181
kaji,1,0.00011818,0.00154181
tentu,1,0.00011818,0.00154181
polda,1,0.00011818,0.00154181
ingin,1,0.00011818,0.00154181
lawat,1,0.00011818,0.00154181
pemprov,1,0.00011818,0.00154181
lampung,1,0.00011818,0.00154181
fish,1,0.00011818,0.00154181
riyono,1,0.00011818,0.00154181
komisi,1,0.00011818,0.00154181
iv,1,0.00011818,0.00154181
tvrinews,1,0.00011818,0.00154181
yogyakarta,1,0.00011818,0.00154181
pemkab,1,0.00011818,0.00154181
kulonprogo,1,0.00011818,0.00154181
menotong,1,0.00011818,0.00154181
ipolid,1,0.00011818,0.00154181
lombok,1,0.00011818,0.00154181
insider,1,0.00011818,0.00154181
dpppeknas,1,0.00011818,0.00154181
bireuen,1,0.00011818,0.00154181
adik,1,0.00011818,0.00154181
menkop,1,0.00011818,0.00154181
muslimat,1,0.00011818,0.00154181
nu,1,0.00011818,0.00154181
induk,1,0.00011818,0.00154181
kud,1,0.00011818,0.00154181
tengah,1,0.00011818,0.00154181
mendikdasmen,1,0.00011818,0.00154181
boros,1,0.00011818,0.00154181
tanam,1,0.00011818,0.00154181
biasa,1,0.00011818,0.00154181
ciputat,1,0.00011818,0.00154181
kampung,1,0.00011818,0.00154181
yogya,1,0.00011818,0.00154181
supply,1,0.00011818,0.00154181
pakar,1,0.00011818,0.00154181
perlu,1,0.00011818,0.00154181
edu,1,0.00011818,0.00154181
istana,1,0.00011818,0.00154181
presidential,1,0.00011818,0.00154181
communication,1,0.00011818,0.00154181
office,1,0.00011818,0.00154181
pco,1,0.00011818,0.00154181
wamendes,1,0.00011818,0.00154181
pdt,1,0.00011818,0.00154181
riza,1,0.00011818,0.00154181
patria,1,0.00011818,0.00154181
teknologi,1,0.00011818,0.00154181
monitoring,1,0.00011818,0.00154181
alternatif,1,0.00011818,0.00154181
judol,1,0.00011818,0.00154181
ewallet,1,0.00011818,0.00154181
legislator,1,0.00011818,0.00154181
desak,1,0.00011818,0.00154181
sita,1,0.00011818,0.00154181
dpd,1,0.00011818,0.00154181
sultan,1,0.00011818,0.00154181
najamudin,1,0.00011818,0.00154181
suplay,1,0.00011818,0.00154181
simultan,1,0.00011818,0.00154181
murah,1,0.00011818,0.00154181
genjot,1,0.00011818,0.00154181
kur,1,0.00011818,0.00154181
artikel,1,0.00011818,0.00154181
bimtek,1,0.00011818,0.00154181
desember,1,0.00011818,0.00154181
urus,1,0.00011818,0.00154181
dpp,1,0.00011818,0.00154181
dpw,1,0.00011818,0.00154181
dpc,1,0.00011818,0.00154181
vendor,1,0.00011818,0.00154181
investor,1,0.00011818,0.00154181
highlight,1,0.00011818,0.00154181
bicara,1,0.00011818,0.00154181
bahas,1,0.00011818,0.00154181
edan,1,0.00011818,0.00154181
kecil,1,0.00011818,0.00154181
lenyap,1,0.00011818,0.00154181
pres,1,0.00011818,0.00154181
pintar,1,0.00011818,0.00154181
matematika,1,0.00011818,0.00154181
mbujuk,1,0.00011818,0.00154181
penasaran,1,0.00011818,0.00154181
bau,1,0.00011818,0.00154181
amis,1,0.00011818,0.00154181
obrol,1,0.00011818,0.00154181
seru,1,0.00011818,0.00154181
big,1,0.00011818,0.00154181
cheese,1,0.00011818,0.00154181
momen,1,0.00011818,0.00154181
format,1,0.00011818,0.00154181
ideal,1,0.00011818,0.00154181
konsentrasi,1,0.00011818,0.00154181
pt,1,0.00011818,0.00154181
timah,1,0.00011818,0.00154181
bangka,1,0.00011818,0.00154181
mbs,1,0.00011818,0.00154181
ki,1,0.00011818,0.00154181
hadikusumo,1,0.00011818,0.00154181
adab,1,0.00011818,0.00154181
persen,1,0.00011818,0.00154181
miliartahun,1,0.00011818,0.00154181
sosialisasi,1,0.00011818,0.00154181
bendung,1,0.00011818,0.00154181
irigasi,1,0.00011818,0.00154181
kasat,1,0.00011818,0.00154181
binmas,1,0.00011818,0.00154181
ma,1,0.00011818,0.00154181
putri,1,0.00011818,0.00154181
nurul,1,0.00011818,0.00154181
masyithoh,1,0.00011818,0.00154181
sri,1,0.00011818,0.00154181
mulyani,1,0.00011818,0.00154181
gera,1,0.00011818,0.00154181
prancis,1,0.00011818,0.00154181
com,1,0.00011818,0.00154181
kedung,1,0.00011818,0.00154181
badak,1,0.00011818,0.00154181
siliwangi,1,0.00011818,0.00154181
jaksa,1,0.00011818,0.00154181
barter,1,0.00011818,0.00154181
kuesioner,1,0.00011818,0.00154181
kriteria,1,0.00011818,0.00154181
bawah,1,0.00011818,0.00154181
bolee,1,0.00011818,0.00154181
balas,1,0.00011818,0.00154181
yaa,1,0.00011818,0.00154181
kirim,1,0.00011818,0.00154181
linknya,1,0.00011818,0.00154181
pesan,1,0.00011818,0.00154181
terimakasih,1,0.00011818,0.00154181
gais,1,0.00011818,0.00154181
fleksibilitas,1,0.00011818,0.00154181
posko,1,0.00011818,0.00154181
krisis,1,0.00011818,0.00154181
were,1,0.00011818,0.00154181
hiring,1,0.00011818,0.00154181
apta,1,0.00011818,0.00154181
sempat,1,0.00011818,0.00154181
kontribusi,1,0.00011818,0.00154181
kualifikasi,1,0.00011818,0.00154181
priawanita,1,0.00011818,0.00154181
stefanus,1,0.00011818,0.00154181
gulo,1,0.00011818,0.00154181
lapak,1,0.00011818,0.00154181
pekanbaru,1,0.00011818,0.00154181
sumberwringin,1,0.00011818,0.00154181
bondowoso,1,0.00011818,0.00154181
keluh,1,0.00011818,0.00154181
lari,1,0.00011818,0.00154181
puskesmas,1,0.00011818,0.00154181
airmadidi,1,0.00011818,0.00154181
minahasa,1,0.00011818,0.00154181
sakit,1,0.00011818,0.00154181
sulawesi,1,0.00011818,0.00154181
rawat,1,0.00011818,0.00154181
menyatap,1,0.00011818,0.00154181
sukolilo,1,0.00011818,0.00154181
bps,1,0.00011818,0.00154181
awal,1,0.00011818,0.00154181
tnipolri,1,0.00011818,0.00154181
aiptu,1,0.00011818,0.00154181
dewa,1,0.00011818,0.00154181
made,1,0.00011818,0.00154181
sandat,1,0.00011818,0.00154181
gst,1,0.00011818,0.00154181
arbajaya,1,0.00011818,0.00154181
atensi,1,0.00011818,0.00154181
sekolahsekolah,1,0.00011818,0.00154181
ciamis,1,0.00011818,0.00154181
paiton,1,0.00011818,0.00154181
bpkp,1,0.00011818,0.00154181
kalteng,1,0.00011818,0.00154181
barito,1,0.00011818,0.00154181
patuh,1,0.00011818,0.00154181
identifikasi,1,0.00011818,0.00154181
hambat,1,0.00011818,0.00154181
lebar,1,0.00011818,0.00154181
depan,1,0.00011818,0.00154181
sumut,1,0.00011818,0.00154181
sumbar,1,0.00011818,0.00154181
tenang,1,0.00011818,0.00154181
calon,1,0.00011818,0.00154181
lab,1,0.00011818,0.00154181
susah,1,0.00011818,0.00154181
senyap,1,0.00011818,0.00154181
ngena,1,0.00011818,0.00154181
vital,1,0.00011818,0.00154181
pre,1,0.00011818,0.00154181
mikir,1,0.00011818,0.00154181
pom,1,0.00011818,0.00154181
khawatir,1,0.00011818,0.00154181
grading,1,0.00011818,0.00154181
survei,1,0.00011818,0.00154181
independen,1,0.00011818,0.00154181
syamsudin,1,0.00011818,0.00154181
rapak,1,0.00011818,0.00154181
aktif,1,0.00011818,0.00154181
blimbing,1,0.00011818,0.00154181
polowijen,1,0.00011818,0.00154181
sidokkes,1,0.00011818,0.00154181
periksa,1,0.00011818,0.00154181
food,1,0.00011818,0.00154181
safety,1,0.00011818,0.00154181
sampel,1,0.00011818,0.00154181
kimia,1,0.00011818,0.00154181
bahaya,1,0.00011818,0.00154181
teng,1,0.00011818,0.00154181
karuhei,1,0.00011818,0.00154181
ii,1,0.00011818,0.00154181
prelaunching,1,0.00011818,0.00154181
solo,1,0.00011818,0.00154181
pihakpihak,1,0.00011818,0.00154181
remeh,1,0.00011818,0.00154181
diputarbalikkan,1,0.00011818,0.00154181
rapi,1,0.00011818,0.00154181
sederhana,1,0.00011818,0.00154181
singapura,1,0.00011818,0.00154181
pencil,1,0.00011818,0.00154181
terbit,1,0.00011818,0.00154181
bhayangkara,1,0.00011818,0.00154181
nusantara,1,0.00011818,0.00154181
diversifikasi,1,0.00011818,0.00154181
tum,1,0.00011818,0.00154181
golkar,1,0.00011818,0.00154181
bahlil,1,0.00011818,0.00154181
busung,1,0.00011818,0.00154181
nonpaud,1,0.00011818,0.00154181
para,1,0.00011818,0.00154181
leuwimunding,1,0.00011818,0.00154181
majalengka,1,0.00011818,0.00154181
realisasi,1,0.00011818,0.00154181
maklumin,1,0.00011818,0.00154181
mbah,1,0.00011818,0.00154181
bowo,1,0.00011818,0.00154181
militer,1,0.00011818,0.00154181
gawean,1,0.00011818,0.00154181
gunungkidul,1,0.00011818,0.00154181
baru,1,0.00011818,0.00154181
pondasi,1,0.00011818,0.00154181
kuliner,1,0.00011818,0.00154181
nila,1,0.00011818,0.00154181
mensos,1,0.00011818,0.00154181
ipul,1,0.00011818,0.00154181
bupati,1,0.00011818,0.00154181
asluchul,1,0.00011818,0.00154181
ketenagakerjaan,1,0.00011818,0.00154181
personil,1,0.00011818,0.00154181
mts,1,0.00011818,0.00154181
alqasimiyah,1,0.00011818,0.00154181
hubung,1,0.00011818,0.00154181
purwokerto,1,0.00011818,0.00154181
lor,1,0.00011818,0.00154181
banyumas,1,0.00011818,0.00154181
akuntan,1,0.00011818,0.00154181
koki,1,0.00011818,0.00154181
chef,1,0.00011818,0.00154181
driver,1,0.00011818,0.00154181
kru,1,0.00011818,0.00154181
tabik,1,0.00011818,0.00154181
puun,1,0.00011818,0.00154181
halo,1,0.00011818,0.00154181
mataneka,1,0.00011818,0.00154181
mtsn,1,0.00011818,0.00154181
way,1,0.00011818,0.00154181
kemenaglampung,1,0.00011818,0.00154181
raksabhinayaadhiwira,1,0.00011818,0.00154181
asslah,1,0.00011818,0.00154181
ekonomis,1,0.00011818,0.00154181
juara,1,0.00011818,0.00154181
masyarakatdiberi,1,0.00011818,0.00154181
inspiradaya,1,0.00011818,0.00154181
kemenko,1,0.00011818,0.00154181
antusiasme,1,0.00011818,0.00154181
garut,1,0.00011818,0.00154181
ceria,1,0.00011818,0.00154181
urat,1,0.00011818,0.00154181
nadi,1,0.00011818,0.00154181
ferry,1,0.00011818,0.00154181
irwandi,1,0.00011818,0.00154181
shanti,1,0.00011818,0.00154181
inisiasi,1,0.00011818,0.00154181
kendala,1,0.00011818,0.00154181
demak,1,0.00011818,0.00154181
sistematis,1,0.00011818,0.00154181
kisruh,1,0.00011818,0.00154181
suluh,1,0.00011818,0.00154181
poklahsar,1,0.00011818,0.00154181
produk,1,0.00011818,0.00154181
kapolsek,1,0.00011818,0.00154181
kompol,1,0.00011818,0.00154181
rizal,1,0.00011818,0.00154181
adam,1,0.00011818,0.00154181
al,1,0.00011818,0.00154181
bagai,1,0.00011818,0.00154181
spd,1,0.00011818,0.00154181
mm,1,0.00011818,0.00154181
kanit,1,0.00011818,0.00154181
intelkam,1,0.00011818,0.00154181
akp,1,0.00011818,0.00154181
nurwidi,1,0.00011818,0.00154181
sh,1,0.00011818,0.00154181
aula,1,0.00011818,0.00154181
bandung,1,0.00011818,0.00154181
latih,1,0.00011818,0.00154181
serentak,1,0.00011818,0.00154181
sebar,1,0.00011818,0.00154181
kader,1,0.00011818,0.00154181
caregiver,1,0.00011818,0.00154181
purbaya,1,0.00011818,0.00154181
yudhi,1,0.00011818,0.00154181
sadewa,1,0.00011818,0.00154181
bantah,1,0.00011818,0.00154181
tunai,1,0.00011818,0.00154181
klarifikasi,1,0.00011818,0.00154181
ramah,1,0.00011818,0.00154181
zero,1,0.00011818,0.00154181
waste,1,0.00011818,0.00154181
simbolis,1,0.00011818,0.00154181
singaraja,1,0.00011818,0.00154181
ppu,1,0.00011818,0.00154181
bidik,1,0.00011818,0.00154181
korsel,1,0.00011818,0.00154181
kejar,1,0.00011818,0.00154181
korea,1,0.00011818,0.00154181
paruh,1,0.00011818,0.00154181
tumpu,1,0.00011818,0.00154181
asal,1,0.00011818,0.00154181
pungut,1,0.00011818,0.00154181
izin,1,0.00011818,0.00154181
cuat,1,0.00011818,0.00154181
oknum,1,0.00011818,0.00154181
dinas,1,0.00011818,0.00154181
dinkes,1,0.00011818,0.00154181
jab,1,0.00011818,0.00154181
oven,1,0.00011818,0.00154181
ompreng,1,0.00011818,0.00154181
tonggak,1,0.00011818,0.00154181
tamansari,1,0.00011818,0.00154181
versi,1,0.00011818,0.00154181
mutlak,1,0.00011818,0.00154181
meja,1,0.00011818,0.00154181
pilah,1,0.00011818,0.00154181
naikin,1,0.00011818,0.00154181
mutu,1,0.00011818,0.00154181
perata,1,0.00011818,0.00154181
tiru,1,0.00011818,0.00154181
sekat,1,0.00011818,0.00154181
memilahmilah,1,0.00011818,0.00154181
operasi,1,0.00011818,0.00154181
september,1,0.00011818,0.00154181
kelapa,1,0.00011818,0.00154181
grup,1,0.00011818,0.00154181
dominasi,1,0.00011818,0.00154181
multiplier,1,0.00011818,0.00154181
effect,1,0.00011818,0.00154181
kamtibmas,1,0.00011818,0.00154181
kognitif,1,0.00011818,0.00154181
pengaruh,1,0.00011818,0.00154181
dwp,1,0.00011818,0.00154181
karangandong,1,0.00011818,0.00154181
suri,1,0.00011818,0.00154181
simalungun,1,0.00011818,0.00154181
agenda,1,0.00011818,0.00154181
ekspansi,1,0.00011818,0.00154181
flagship,1,0.00011818,0.00154181
kopdes,1,0.00011818,0.00154181
optimisme,1,0.00011818,0.00154181
sumateraaceh,1,0.00011818,0.00154181
beras,1,0.00011818,0.00154181
jagung,1,0.00011818,0.00154181
terna,1,0.00011818,0.00154181
strategi,1,0.00011818,0.00154181
mengalirtak,1,0.00011818,0.00154181
cakup,1,0.00011818,0.00154181
nurani,1,0.00011818,0.00154181
jalanansemua,1,0.00011818,0.00154181
tidur,1,0.00011818,0.00154181
manusiawi,1,0.00011818,0.00154181
optimalprogram,1,0.00011818,0.00154181
ulur,1,0.00011818,0.00154181
alir,1,0.00011818,0.00154181
rekam,1,0.00011818,0.00154181
video,1,0.00011818,0.00154181
pagar,1,0.00011818,0.00154181
lukaluka,1,0.00011818,0.00154181
luka,1,0.00011818,0.00154181
metro,1,0.00011818,0.00154181
songsong,1,0.00011818,0.00154181
guna,1,0.00011818,0.00154181
anggana,1,0.00011818,0.00154181
briptu,1,0.00011818,0.00154181
zidan,1,0.00011818,0.00154181
nur,1,0.00011818,0.00154181
periode,1,0.00011818,0.00154181
fimizoe,1,0.00011818,0.00154181
mohammad,1,0.00011818,0.00154181
berjatuhansedih,1,0.00011818,0.00154181
danrem,1,0.00011818,0.00154181
makutarama,1,0.00011818,0.00154181
smk,1,0.00011818,0.00154181
kendal,1,0.00011818,0.00154181
turah,1,0.00011818,0.00154181
purworejo,1,0.00011818,0.00154181
tragedi,1,0.00011818,0.00154181
lalai,1,0.00011818,0.00154181
satusatunya,1,0.00011818,0.00154181
rugi,1,0.00011818,0.00154181
aparat,1,0.00011818,0.00154181
tegak,1,0.00011818,0.00154181
usut,1,0.00011818,0.00154181
berjatuhanparah,1,0.00011818,0.00154181
drivernya,1,0.00011818,0.00154181
sambang,1,0.00011818,0.00154181
koja,1,0.00011818,0.00154181
sore,1,0.00011818,0.00154181
jenguk,1,0.00011818,0.00154181
kemendikdasmen,1,0.00011818,0.00154181
injak,1,0.00011818,0.00154181
tahun,1,0.00011818,0.00154181
mesti,1,0.00011818,0.00154181
objektif,1,0.00011818,0.00154181
celios,1,0.00011818,0.00154181
luncur,1,0.00011818,0.00154181
respons,1,0.00011818,0.00154181
swasta,1,0.00011818,0.00154181
kirain,1,0.00011818,0.00154181
lifestyle,1,0.00011818,0.00154181
mulia,1,0.00011818,0.00154181
dibelanjain,1,0.00011818,0.00154181
semir,1,0.00011818,0.00154181
sepatu,1,0.00011818,0.00154181
barangbarang,1,0.00011818,0.00154181
random,1,0.00011818,0.00154181
gragas,1,0.00011818,0.00154181
bolong,1,0.00011818,0.00154181
ikat,1,0.00011818,0.00154181
spesifik,1,0.00011818,0.00154181
skema,1,0.00011818,0.00154181
likuiditas,1,0.00011818,0.00154181
flpp,1,0.00011818,0.00154181
muka,1,0.00011818,0.00154181
kreator,1,0.00011818,0.00154181
drama,1,0.00011818,0.00154181
warung,1,0.00011818,0.00154181
langgan,1,0.00011818,0.00154181
intervensi,1,0.00011818,0.00154181
peristiwa,1,0.00011818,0.00154181
pisah,1,0.00011818,0.00154181
realitas,1,0.00011818,0.00154181
beda,1,0.00011818,0.00154181
ikhsan,1,0.00011818,0.00154181
kelas,1,0.00011818,0.00154181
viii,1,0.00011818,0.00154181
muhammad,1,0.00011818,0.00154181
zainuddin,1,0.00011818,0.00154181
alwi,1,0.00011818,0.00154181
klodran,1,0.00011818,0.00154181
oleh,1,0.00011818,0.00154181
terampil,1,0.00011818,0.00154181
karisudin,1,0.00011818,0.00154181
selo,1,0.00011818,0.00154181
terpa,1,0.00011818,0.00154181
bertubitubi,1,0.00011818,0.00154181
uya,1,0.00011818,0.00154181
kuya,1,0.00011818,0.00154181
jarah,1,0.00011818,0.00154181
hoax,1,0.00011818,0.00154181
lagilagi,1,0.00011818,0.00154181
bohongkali,1,0.00011818,0.00154181
tuding,1,0.00011818,0.00154181
sholikin,1,0.00011818,0.00154181
tempe,1,0.00011818,0.00154181
semen,1,0.00011818,0.00154181
ngawi,1,0.00011818,0.00154181
catat,1,0.00011818,0.00154181
ukt,1,0.00011818,0.00154181
ptn,1,0.00011818,0.00154181
privilege,1,0.00011818,0.00154181
elite,1,0.00011818,0.00154181
garam,1,0.00011818,0.00154181
lurus,1,0.00011818,0.00154181
kenutuhan,1,0.00011818,0.00154181
bgndadanhindayanamengklarifikasi,1,0.00011818,0.00154181
sertifikasi,1,0.00011818,0.00154181
laik,1,0.00011818,0.00154181
higiene,1,0.00011818,0.00154181
halal,1,0.00011818,0.00154181
hazard,1,0.00011818,0.00154181
analysis,1,0.00011818,0.00154181
dan,1,0.00011818,0.00154181
critical,1,0.00011818,0.00154181
control,1,0.00011818,0.00154181
titik,1,0.00011818,0.00154181
haccp,1,0.00011818,0.00154181
irma,1,0.00011818,0.00154181
suryani,1,0.00011818,0.00154181
chaniago,1,0.00011818,0.00154181
tuai,1,0.00011818,0.00154181
gpt,1,0.00011818,0.00154181
codex,1,0.00011818,0.00154181
asa,1,0.00011818,0.00154181
aura,1,0.00011818,0.00154181
web,1,0.00011818,0.00154181
menep,1,0.00011818,0.00154181
motor,1,0.00011818,0.00154181
listrik,1,0.00011818,0.00154181
kompleks,1,0.00011818,0.00154181
prof,1,0.00011818,0.00154181
arif,1,0.00011818,0.00154181
wkwkwkwk,1,0.00011818,0.00154181
relevan,1,0.00011818,0.00154181
taruna,1,0.00011818,0.00154181
ikrar,1,0.00011818,0.00154181
sampling,1,0.00011818,0.00154181
tulang,1,0.00011818,0.00154181
punggung,1,0.00011818,0.00154181
dompet,1,0.00011818,0.00154181
rumput,1,0.00011818,0.00154181
gaya,1,0.00011818,0.00154181
el,1,0.00011818,0.00154181
rumi,1,0.00011818,0.00154181
syifa,1,0.00011818,0.00154181
hadju,1,0.00011818,0.00154181
manohara,1,0.00011818,0.00154181
jago,1,0.00011818,0.00154181
eksklusif,1,0.00011818,0.00154181
pegawai,1,0.00011818,0.00154181
apaapa,1,0.00011818,0.00154181
ngajarin,1,0.00011818,0.00154181
asuuu,1,0.00011818,0.00154181
abar,1,0.00011818,0.00154181
bira,1,0.00011818,0.00154181
sokobanah,1,0.00011818,0.00154181
alergi,1,0.00011818,0.00154181
kulit,1,0.00011818,0.00154181
nulis,1,0.00011818,0.00154181
garing,1,0.00011818,0.00154181
nabi,1,0.00011818,0.00154181
sulaiman,1,0.00011818,0.00154181
gagal,1,0.00011818,0.00154181
nanik,1,0.00011818,0.00154181
sudaryati,1,0.00011818,0.00154181
deyang,1,0.00011818,0.00154181
kronologi,1,0.00011818,0.00154181
roket,1,0.00011818,0.00154181
kuantitas,1,0.00011818,0.00154181
endipat,1,0.00011818,0.00154181
wijaya,1,0.00011818,0.00154181
akurat,1,0.00011818,0.00154181
netimistifa,1,0.00011818,0.00154181
nasib,1,0.00011818,0.00154181
rio,1,0.00011818,0.00154181
ananta,1,0.00011818,0.00154181
mantan,1,0.00011818,0.00154181
kernet,1,0.00011818,0.00154181
lepas,1,0.00011818,0.00154181
surakarta,1,0.00011818,0.00154181
juru,1,0.00011818,0.00154181
manah,1,0.00011818,0.00154181
karier,1,0.00011818,0.00154181
hmmm,1,0.00011818,0.00154181
seafood,1,0.00011818,0.00154181
jokowi,1,0.00011818,0.00154181
gas,1,0.00011818,0.00154181
pol,1,0.00011818,0.00154181
infrastruktur,1,0.00011818,0.00154181
memang,1,0.00011818,0.00154181
kencengkencengnya,1,0.00011818,0.00154181
ngejalankan,1,0.00011818,0.00154181
optimal,1,0.00011818,0.00154181
naik,1,0.00011818,0.00154181
toko,1,0.00011818,0.00154181
donomulyo,1,0.00011818,0.00154181
kendali,1,0.00011818,0.00154181
rpt,1,0.00011818,0.00154181
aplikasi,1,0.00011818,0.00154181
absensi,1,0.00011818,0.00154181
it,1,0.00011818,0.00154181
sipgn,1,0.00011818,0.00154181
iot,1,0.00011818,0.00154181
penyalahgunaan,1,0.00011818,0.00154181
populer,1,0.00011818,0.00154181
sibuk,1,0.00011818,0.00154181
zombie,1,0.00011818,0.00154181
besok,1,0.00011818,0.00154181
hutang,1,0.00011818,0.00154181
lapis,1,0.00011818,0.00154181
angkat,1,0.00011818,0.00154181
bangfu,1,0.00011818,0.00154181
komplen,1,0.00011818,0.00154181
ditanggepin,1,0.00011818,0.00154181
rombak,1,0.00011818,0.00154181
ekstrem,1,0.00011818,0.00154181
santap,1,0.00011818,0.00154181
punden,1,0.00011818,0.00154181
ceo,1,0.00011818,0.00154181
embegeh,1,0.00011818,0.00154181
pram,1,0.00011818,0.00154181
jamban,1,0.00011818,0.00154181
sobatkom,1,0.00011818,0.00154181
tega,1,0.00011818,0.00154181
alas,1,0.00011818,0.00154181
prihatin,1,0.00011818,0.00154181
seringkali,1,0.00011818,0.00154181
staf,1,0.00011818,0.00154181
nxttou,1,0.00011818,0.00154181
amanat,1,0.00011818,0.00154181
wabah,1,0.00011818,0.00154181
mangsa,1,0.00011818,0.00154181
garap,1,0.00011818,0.00154181
film,1,0.00011818,0.00154181
pendek,1,0.00011818,0.00154181
integrasi,1,0.00011818,0.00154181
tepat,1,0.00011818,0.00154181
transparansi,1,0.00011818,0.00154181
endtoend,1,0.00011818,0.00154181
gubernur,1,0.00011818,0.00154181
achmad,1,0.00011818,0.00154181
dimyati,1,0.00011818,0.00154181
natakusumah,1,0.00011818,0.00154181
bisnis,1,0.00011818,0.00154181
timbang,1,0.00011818,0.00154181
najam,1,0.00011818,0.00154181
efisien,1,0.00011818,0.00154181
ironis,1,0.00011818,0.00154181
niat,1,0.00011818,0.00154181
matang,1,0.00011818,0.00154181
lenceng,1,0.00011818,0.00154181
jambon,1,0.00011818,0.00154181
tersebuthan,1,0.00011818,0.00154181
tema,1,0.00011818,0.00154181
geopolitik,1,0.00011818,0.00154181
dsb,1,0.00011818,0.00154181
jalanpejuang,1,0.00011818,0.00154181
wib,1,0.00011818,0.00154181
santun,1,0.00011818,0.00154181
hafiz,1,0.00011818,0.00154181
bca,1,0.00011818,0.00154181
kcu,1,0.00011818,0.00154181
kalimalang,1,0.00011818,0.00154181
norek,1,0.00011818,0.00154181
trisnosri,1,0.00011818,0.00154181
utami,1,0.00011818,0.00154181
instagram,1,0.00011818,0.00154181
innalillahi,1,0.00011818,0.00154181
whatsapp,1,0.00011818,0.00154181
inna,1,0.00011818,0.00154181
ilaihi,1,0.00011818,0.00154181
rojiun,1,0.00011818,0.00154181
leles,1,0.00011818,0.00154181
nkr,1,0.00011818,0.00154181
mbgprogram,1,0.00011818,0.00154181
habisin,1,0.00011818,0.00154181
hny,1,0.00011818,0.00154181
jauuuh,1,0.00011818,0.00154181
air,1,0.00011818,0.00154181
paha,1,0.00011818,0.00154181
ca,1,0.00011818,0.00154181
semangkuk,1,0.00011818,0.00154181
nasilu,1,0.00011818,0.00154181
smtr,1,0.00011818,0.00154181
dphk,1,0.00011818,0.00154181
kakakny,1,0.00011818,0.00154181
drmh,1,0.00011818,0.00154181
are,1,0.00011818,0.00154181
toleh,1,0.00011818,0.00154181
model,1,0.00011818,0.00154181
halusinasi,1,0.00011818,0.00154181
jepang,1,0.00011818,0.00154181
eropa,1,0.00011818,0.00154181
sungguh,1,0.00011818,0.00154181
cengang,1,0.00011818,0.00154181
gapai,1,0.00011818,0.00154181
terbang,1,0.00011818,0.00154181
motivasi,1,0.00011818,0.00154181
game,1,0.00011818,0.00154181
changer,1,0.00011818,0.00154181
lezat,1,0.00011818,0.00154181
agam,1,0.00011818,0.00154181
bosan,1,0.00011818,0.00154181
hebat,1,0.00011818,0.00154181
edukasi,1,0.00011818,0.00154181
pola,1,0.00011818,0.00154181
umur,1,0.00011818,0.00154181
drastis,1,0.00011818,0.00154181
global,1,0.00011818,0.00154181
shan,1,0.00011818,0.00154181
saeed,1,0.00011818,0.00154181
interaksi,1,0.00011818,0.00154181
sembarang,1,0.00011818,0.00154181
lang,1,0.00011818,0.00154181
bergerakkita,1,0.00011818,0.00154181
trendsetter,1,0.00011818,0.00154181
pppa,1,0.00011818,0.00154181
munchen,1,0.00011818,0.00154181
liga,1,0.00011818,0.00154181
champions,1,0.00011818,0.00154181
ganggu,1,0.00011818,0.00154181
masjid,1,0.00011818,0.00154181
jumat,1,0.00011818,0.00154181
infak,1,0.00011818,0.00154181
infrastructure,1,0.00011818,0.00154181
iklim,1,0.00011818,0.00154181
kondusif,1,0.00011818,0.00154181
shg,1,0.00011818,0.00154181
mmberikan,1,0.00011818,0.00154181
stonks,1,0.00011818,0.00154181
jumbo,1,0.00011818,0.00154181
inspeksi,1,0.00011818,0.00154181
dadak,1,0.00011818,0.00154181
mere,1,0.00011818,0.00154181
bumi,1,0.00011818,0.00154181
cendrawasih,1,0.00011818,0.00154181
sukoharjo,1,0.00011818,0.00154181
pintu,1,0.00011818,0.00154181
inklusivitas,1,0.00011818,0.00154181
rohmat,1,0.00011818,0.00154181
riyadi,1,0.00011818,0.00154181
martabat,1,0.00011818,0.00154181
kancah,1,0.00011818,0.00154181
fraksi,1,0.00011818,0.00154181
gerindra,1,0.00011818,0.00154181
maruf,1,0.00011818,0.00154181
mubarok,1,0.00011818,0.00154181
jatirejoyoso,1,0.00011818,0.00154181
gelenggeleng,1,0.00011818,0.00154181
inisiatif,1,0.00011818,0.00154181
beneran,1,0.00011818,0.00154181
adekadek,1,0.00011818,0.00154181
gacor,1,0.00011818,0.00154181
skripsi,1,0.00011818,0.00154181
perspektif,1,0.00011818,0.00154181
good,1,0.00011818,0.00154181
governance,1,0.00011818,0.00154181
magister,1,0.00011818,0.00154181
sy,1,0.00011818,0.00154181
letawa,1,0.00011818,0.00154181
ngotot,1,0.00011818,0.00154181
politik,1,0.00011818,0.00154181
kalah,1,0.00011818,0.00154181
pilpres,1,0.00011818,0.00154181
goat,1,0.00011818,0.00154181
betapa,1,0.00011818,0.00154181
arti,1,0.00011818,0.00154181
argo,1,0.00011818,0.00154181
bromo,1,0.00011818,0.00154181
anggrek,1,0.00011818,0.00154181
ecek,1,0.00011818,0.00154181
kerjasama,1,0.00011818,0.00154181
prasarana,1,0.00011818,0.00154181
sabtu,1,0.00011818,0.00154181
bismillah,1,0.00011818,0.00154181
yth,1,0.00011818,0.00154181
kpk,1,0.00011818,0.00154181
ppatk,1,0.00011818,0.00154181
asai,1,0.00011818,0.00154181
dewan,1,0.00011818,0.00154181
aparatur,1,0.00011818,0.00154181
individu,1,0.00011818,0.00154181
lingkar,1,0.00011818,0.00154181
kuasa,1,0.00011818,0.00154181
audit,1,0.00011818,0.00154181
jawab,1,0.00011818,0.00154181
simpelt,1,0.00011818,0.00154181
cemerlang,1,0.00011818,0.00154181
senjang,1,0.00011818,0.00154181
gonku,1,0.00011818,0.00154181
ini,1,0.00011818,0.00154181
dannn,1,0.00011818,0.00154181
masake,1,0.00011818,0.00154181
bisabisa,1,0.00011818,0.00154181
diliatin,1,0.00011818,0.00154181
dipaksain,1,0.00011818,0.00154181
blakblakan,1,0.00011818,0.00154181
jelata,1,0.00011818,0.00154181
celah,1,0.00011818,0.00154181
mei,1,0.00011818,0.00154181
daripada,1,0.00011818,0.00154181
konstitusional,1,0.00011818,0.00154181
materi,1,0.00011818,0.00154181
ayat,1,0.00011818,0.00154181
serta,1,0.00011818,0.00154181
undangundang,1,0.00011818,0.00154181
nomor,1,0.00011818,0.00154181
selesai,1,0.00011818,0.00154181
akuntabilitas,1,0.00011818,0.00154181
sapa,1,0.00011818,0.00154181
kue,1,0.00011818,0.00154181
kandung,1,0.00011818,0.00154181
higienitas,1,0.00011818,0.00154181
desakelurahan,1,0.00011818,0.00154181
kdkmp,1,0.00011818,0.00154181
referensi,1,0.00011818,0.00154181
admin,1,0.00011818,0.00154181
peenah,1,0.00011818,0.00154181
dengar,1,0.00011818,0.00154181
iring,1,0.00011818,0.00154181
phuwin,1,0.00011818,0.00154181
tommyhilfiger,1,0.00011818,0.00154181
punya,1,0.00011818,0.00154181
utang,1,0.00011818,0.00154181
tumpuk,1,0.00011818,0.00154181
konstitusi,1,0.00011818,0.00154181
unik,1,0.00011818,0.00154181
rampok,1,0.00011818,0.00154181
suara,1,0.00011818,0.00154181
inkonstitusional,1,0.00011818,0.00154181
pragmatis,1,0.00011818,0.00154181
atwogang,1,0.00011818,0.00154181
postverzet,1,0.00011818,0.00154181
lemah,1,0.00011818,0.00154181
era,1,0.00011818,0.00154181
sanksi,1,0.00011818,0.00154181
lejit,1,0.00011818,0.00154181
tren,1,0.00011818,0.00154181
tulung,1,0.00011818,0.00154181
andrie,1,0.00011818,0.00154181
perthsanta,1,0.00011818,0.00154181
cmi,1,0.00011818,0.00154181
infinity,1,0.00011818,0.00154181
collectible,1,0.00011818,0.00154181
card,1,0.00011818,0.00154181
sepele,1,0.00011818,0.00154181
gandeng,1,0.00011818,0.00154181
kopi,1,0.00011818,0.00154181
juntrung,1,0.00011818,0.00154181
variatif,1,0.00011818,0.00154181
jebak,1,0.00011818,0.00154181
polemik,1,0.00011818,0.00154181
utuh,1,0.00011818,0.00154181
informasi,1,0.00011818,0.00154181
kritis,1,0.00011818,0.00154181
sesat,1,0.00011818,0.00154181
jumawa,1,0.00011818,0.00154181
india,1,0.00011818,0.00154181
midday,1,0.00011818,0.00154181
meal,1,0.00011818,0.00154181
scheme,1,0.00011818,0.00154181
dekade,1,0.00011818,0.00154181
sempit,1,0.00011818,0.00154181
unt,1,0.00011818,0.00154181
tutup,1,0.00011818,0.00154181
kisar,1,0.00011818,0.00154181
tembus,1,0.00011818,0.00154181
jak,1,0.00011818,0.00154181
ta,1,0.00011818,0.00154181
bergizigratis,1,0.00011818,0.00154181
tunjuk,1,0.00011818,0.00154181
lur,1,0.00011818,0.00154181
tahi,1,0.00011818,0.00154181
kucing,1,0.00011818,0.00154181
kena,1,0.00011818,0.00154181
menuhin,1,0.00011818,0.00154181
lupa,1,0.00011818,0.00154181
heran,1,0.00011818,0.00154181
bahasbahas,1,0.00011818,0.00154181
ngerti,1,0.00011818,0.00154181
brokoli,1,0.00011818,0.00154181
mental,1,0.00011818,0.00154181
tangguh,1,0.00011818,0.00154181
omong,1,0.00011818,0.00154181
ngadain,1,0.00011818,0.00154181
janjiin,1,0.00011818,0.00154181
direktur,1,0.00011818,0.00154181
monitor,1,0.00011818,0.00154181
wisnuwardana,1,0.00011818,0.00154181
kau,1,0.00011818,0.00154181
ladang,1,0.00011818,0.00154181
sskali,1,0.00011818,0.00154181
suap,1,0.00011818,0.00154181
defisit,1,0.00011818,0.00154181
fiskal,1,0.00011818,0.00154181
maksimal,1,0.00011818,0.00154181
